,Company Name,Date,Date Raw,Industry,Job Title,Location,State
0,CBRE Group,,,Real Estate,Mobile Building Engineer,San Jose, CA
1,CBRE Group,,,Real Estate,Real Estate Analyst,Sunnyvale, CA
2,CBRE Group,,,Real Estate,Research Assistant,Ontario, CA
3,CBRE Group,2018-07-30,10 days ago,Real Estate,Research Assistant,Ontario, CA
4,CBRE Group,2018-08-07,2 days ago,Real Estate,Intern,Los Angeles, CA
5,CBRE Group,2018-07-10,30+ days ago,Real Estate,Associate Business Analyst,Goleta, CA
6,CBRE Group,2018-08-07,2 days ago,Real Estate,Facilities Coordinator (Remote),,
7,CBRE Group,2018-08-03,6 days ago,Real Estate,Senior Analyst Business Analytics (Remote within US),Santa Barbara, CA
8,CBRE Group,2018-07-23,17 hours ago,Real Estate,Real Estate Services Administrator,Honolulu, HI
9,CBRE Group,2018-08-02,7 days ago,Real Estate,Project Coordinator,San Francisco, CA
10,CBRE Group,2018-08-07,2 days ago,Real Estate,Space Data Planner,Durham, NC
11,CBRE Group,2018-07-25,15 days ago,Real Estate,Facilities Coordinator,Santa Clara, CA
12,CBRE Group,2018-07-19,21 days ago,Real Estate,Research Assistant,Centennial, CO
13,CBRE Group,2018-08-07,2 days ago,Real Estate,Maintenance Support,Columbus, OH
14,CBRE Group,2018-08-07,2 days ago,Real Estate,FM Engineering Ops Manager,Red Oak, IA
15,CBRE Group,,,Real Estate,Senior Project Manager (Architect and Construction Management exp preferred),New York, NY
16,CBRE Group,,,Real Estate,Maintenance Coordinator,Columbus, OH
17,CBRE Group,2018-08-07,2 days ago,Real Estate,Meeting & Events Technician,Tampa, FL
18,CBRE Group,2018-07-18,22 days ago,Real Estate,Meeting & Events Coordinator,Chicago, IL
19,CBRE Group,2018-08-03,6 days ago,Real Estate,Associate Lease Administration Analyst,Seattle, WA
20,CBRE Group,2018-07-23,17 hours ago,Real Estate,Space Planner,Philadelphia, PA
21,CBRE Group,2018-08-04,5 days ago,Real Estate,Workplace Exprnce Coordinator,San Francisco, CA
22,CBRE Group,2018-07-17,23 days ago,Real Estate,Administrative Assistant,Los Angeles, CA
23,CBRE Group,2018-07-25,15 days ago,Real Estate,Warehouse Clerk,Redmond, WA
24,CBRE Group,2018-07-23,17 hours ago,Real Estate,Process Technician / Scheduler,Collegeville, PA
25,CBRE Group,2018-07-27,13 days ago,Real Estate,Business Operations Coordinator,San Francisco, CA
26,CBRE Group,2018-07-10,30 days ago,Real Estate,Capital Equipment Specialist,Renton, WA
27,CBRE Group,,,Real Estate,Real Estate Services Coordinator,Rockville, MD
28,CBRE Group,,,Real Estate,Regional Facilities Manager,Birmingham, AL
29,CBRE Group,2018-08-08,1 day ago,Real Estate,Business Analyst,Los Angeles, CA
30,CBRE Group,2018-08-06,3 days ago,Real Estate,"Senior Project Manager, Master Planning",Los Angeles, CA
31,CBRE Group,,,Real Estate,Client Services / Marketing Specialist,Detroit, MI
32,CBRE Group,2018-08-03,6 days ago,Real Estate,Lease Administration Analyst,Seattle, WA
33,CBRE Group,2018-07-29,11 hours ago,Real Estate,Workplace Experience Coordinator,San Ramon, CA
34,CBRE Group,2018-08-04,5 days ago,Real Estate,Business Services Coordinator,San Dimas, CA
35,CBRE Group,2018-08-08,1 day ago,Real Estate,Financial Analyst,Newport Beach, CA
36,CBRE Group,2018-08-07,2 days ago,Real Estate,Senior Administrative Assistant,Atlanta, GA
37,CBRE Group,2018-07-23,17 hours ago,Real Estate,Property Marketing Specialist,Loveland, CO
38,CBRE Group,2018-07-27,13 days ago,Real Estate,LEASE ADMINISTRATOR,Richmond, VA
39,CBRE Group,2018-08-04,5 days ago,Real Estate,Warehouse Clerk - Tool Crib,Kernersville, NC
40,CBRE Group,2018-07-13,27 days ago,Real Estate,REAL ESTATE ADMINISTRATOR,Raleigh, NC
41,CBRE Group,2018-07-21,19 days ago,Real Estate,"Business Services, Research Coordinator, InDesign",El Segundo, CA
42,CBRE Group,,,Real Estate,Construction Support Lead - Senior Project Coordinator (North Bay Area),Santa Rosa, CA
43,CBRE Group,,,Real Estate,Senior Space Planner,New York, NY
44,CBRE Group,,,Real Estate,HSE Sr Manager,Midland, MI
45,CBRE Group,2018-07-18,22 days ago,Real Estate,Sr Business Services Clerk,San Francisco, CA
46,CBRE Group,2018-07-24,16 days ago,Real Estate,LTS Technician - Pharmaceutical/Biotech,Boston, MA
47,CBRE Group,2018-08-08,1 day ago,Real Estate,Program Management Evangelism,Redmond, WA
48,CBRE Group,2018-08-03,6 days ago,Real Estate,LIS (Lab Equipment) Technician - Pharmaceutical/Biotech,Boston, MA
49,CBRE Group,2018-07-27,13 days ago,Real Estate,Associate Lease Admin Analyst,Memphis, TN
50,CBRE Group,2018-07-10,30+ days ago,Real Estate,Real Estate Analyst,Sunnyvale, CA
51,CBRE Group,2018-07-13,27 days ago,Real Estate,BLDG SERVICES COORDINATOR,Raleigh, NC
52,CBRE Group,2018-07-25,15 days ago,Real Estate,"Project Coordinator(Off Shift work) - Indianapolis, IN",Indianapolis, IN
53,CBRE Group,2018-07-31,9 days ago,Real Estate,Procurement Specialist - Pharmaceutical/Biotech,Boston, MA
54,CBRE Group,2018-07-26,14 days ago,Real Estate,HSE Specialist,Redmond, WA
55,CBRE Group,2018-07-18,22 days ago,Real Estate,Senior Communication Specialist,Sunnyvale, CA
56,CBRE Group,2018-07-14,26 days ago,Real Estate,Warehouse Clerk - Mornings,Redmond, WA
57,CBRE Group,2018-08-03,6 days ago,Real Estate,Mail Services Specialist,Beaverton, OR
58,CBRE Group,2018-07-10,30+ days ago,Real Estate,Broadcast Engineer,Midland, MI
59,CBRE Group,2018-07-10,30+ days ago,Real Estate,Associate Accountant,Bloomington, MN
60,CBRE Group,2018-07-27,13 days ago,Real Estate,Maintenance Planner / CMMS Scheduler,San Antonio, TX
61,CBRE Group,2018-08-04,5 days ago,Real Estate,Client Services Coordinator,Los Angeles, CA
62,CBRE Group,2018-07-14,26 days ago,Real Estate,Transaction Coordinator,Glendale, CA
63,CBRE Group,2018-07-26,14 days ago,Real Estate,Business Analyst,Boston, MA
64,CBRE Group,2018-08-08,1 day ago,Real Estate,Client Services (Marketing) Assistant,San Diego, CA
65,CBRE Group,2018-07-20,20 days ago,Real Estate,Associate Buyer,Phoenix, AZ
66,CBRE Group,2018-08-02,7 days ago,Real Estate,Facilities Coordinator (Temporary),San Jose, CA
67,CBRE Group,2018-07-27,13 days ago,Real Estate,Audit Associate,Newport Beach, CA
68,CBRE Group,2018-08-08,1 day ago,Real Estate,Regional Facilities Manager,Atlanta, GA
69,CBRE Group,2018-07-10,30+ days ago,Real Estate,Construction Project Coordinator,Fort Lauderdale, FL
70,CBRE Group,2018-07-31,9 days ago,Real Estate,Materials Specialist,Boston, MA
71,CBRE Group,2018-08-08,1 day ago,Real Estate,Maintenance Technician (Data Center),Richmond, VA
72,CBRE Group,2018-08-07,2 days ago,Real Estate,Building Engineer,Rialto, CA
73,CBRE Group,2018-07-25,15 days ago,Real Estate,Office Services Coordinator - Concierge,New York, NY
74,CBRE Group,2018-07-10,30+ days ago,Real Estate,HR Service Center Associate,Dallas, TX
75,CBRE Group,2018-07-27,13 days ago,Real Estate,SOX Associate,El Segundo, CA
76,CBRE Group,2018-07-31,9 days ago,Real Estate,Laboratory Technical Services Technician,Zebulon, NC
77,CBRE Group,2018-07-12,28 days ago,Real Estate,Assistant Facilities Manager,Lincoln, NE
78,CBRE Group,2018-07-10,30+ days ago,Real Estate,Facilities Office Coordinator,Pittsburgh, PA
79,CBRE Group,2018-07-31,9 days ago,Real Estate,"Client Services, Marketing Coordinator, InDesign",Ontario, CA
80,CBRE Group,2018-07-25,15 days ago,Real Estate,Assistant Facilities Manager - Pharmaceutical/Biotech,Research Triangle Park, NC
81,CBRE Group,2018-07-11,29 days ago,Real Estate,Workplace Experience Receptionist,Beaverton, OR
82,CBRE Group,2018-08-03,6 days ago,Real Estate,Process Improvement Specialist,Indianapolis, IN
83,CBRE Group,2018-07-25,15 days ago,Real Estate,Technical Planner,Overland Park, KS
84,CBRE Group,2018-07-19,21 days ago,Real Estate,Business Ops Coordinator,Irving, TX
85,CBRE Group,2018-07-10,30+ days ago,Real Estate,Field Support Technician,,
86,CBRE Group,2018-07-10,30+ days ago,Real Estate,Payroll Processor,Dallas, TX
87,CBRE Group,2018-07-23,17 hours ago,Real Estate,Sales Associate - Industrial,Orange, CA
88,CBRE Group,2018-07-25,15 days ago,Real Estate,Financial Facilities Coordinator,Orlando, FL
89,CBRE Group,2018-07-10,30+ days ago,Real Estate,HSE Inspector - Corporate Real Estate,Rosemead, CA
90,CBRE Group,2018-07-13,27 days ago,Real Estate,Real Estate Administrator/Marketing Support,Charlottesville, VA
91,CBRE Group,2018-07-28,12 days ago,Real Estate,Workplace Experience Manager,Fargo, ND
92,CBRE Group,2018-07-21,19 days ago,Real Estate,Sr Admin Assistant,Phoenix, AZ
93,CBRE Group,2018-07-27,13 days ago,Real Estate,Real Estate Accounting Coord,Tulsa, OK
94,CBRE Group,2018-07-17,23 days ago,Real Estate,"Program/Project Coordinator Opportunity - This is not a Technical IT role, but rather a support role for data analysis, system updates and reporting.",Redmond, WA
95,CBRE Group,2018-07-10,30+ days ago,Real Estate,PMO Director - Remote,Chicago, IL
96,CBRE Group,2018-07-10,30+ days ago,Real Estate,Real Estate Services Coordinator,Washington, DC
97,CBRE Group,2018-07-10,30+ days ago,Real Estate,Union Engineer,Chicago, IL
98,CBRE Group,2018-07-20,20 days ago,Real Estate,Portfolio Analyst,Houston, TX
99,CBRE Group,2018-07-10,30+ days ago,Real Estate,Project Coordinator / Engineer,Landover, MD
100,CBRE Group,2018-07-10,30+ days ago,Real Estate,"Sales Associate, Data Center",Oakland, CA
101,CBRE Group,2018-07-28,12 days ago,Real Estate,"Client Services Coordinator, InDesign",San Jose, CA
102,CBRE Group,2018-07-10,30+ days ago,Real Estate,Communications & Media Manager,,
103,CBRE Group,2018-07-19,21 days ago,Real Estate,Transition Coordinator,Seattle, WA
104,CBRE Group,2018-07-21,19 days ago,Real Estate,Insurance Analyst,Houston, TX
105,CBRE Group,2018-08-02,7 days ago,Real Estate,Building Engineer - Day Shift,Shreveport, LA
106,CBRE Group,2018-07-21,19 days ago,Real Estate,Material Hndlng Mntnce Tech II,Zebulon, NC
107,CBRE Group,2018-07-14,26 days ago,Real Estate,Warehouse Clerk - Swing Shift,Redmond, WA
108,CBRE Group,2018-07-10,30+ days ago,Real Estate,"Business Operations, Accounting Coordinator",Washington, DC
109,CBRE Group,2018-08-01,8 days ago,Real Estate,Maintenance Planner,Houston, TX
110,CBRE Group,2018-07-10,30+ days ago,Real Estate,Commissioning Agent,Miami, FL
111,CBRE Group,2018-07-11,29 days ago,Real Estate,"Client Services, Marketing Coordinator",Burlingame, CA
112,CBRE Group,2018-07-26,14 days ago,Real Estate,Building Engineer (Utility Clean Operators),Boston, MA
113,CBRE Group,2018-07-11,29 days ago,Real Estate,LIS (Process) Technician,Boston, MA
114,CBRE Group,2018-07-23,17 hours ago,Real Estate,SOX Senior Associate,El Segundo, CA
115,CBRE Group,2018-07-19,21 days ago,Real Estate,Sr Facilities Manager,Murfreesboro, TN
116,CBRE Group,2018-07-10,30+ days ago,Real Estate,Construction Project Coordinator - Corporate Real Estate,Seattle, WA
117,CBRE Group,2018-08-02,7 days ago,Real Estate,Client Services Assistant,Kansas City, MO
118,CBRE Group,2018-07-25,15 days ago,Real Estate,Procurement Director,Seattle, WA
119,CBRE Group,2018-07-10,30+ days ago,Real Estate,Loan Professional Associate,Sacramento, CA
120,CBRE Group,2018-07-20,20 days ago,Real Estate,Research Assistant -- Commercial Mortgage-Backed Securities,Centennial, CO
121,CBRE Group,2018-08-04,5 days ago,Real Estate,Program Manager,Chicago, IL
122,CBRE Group,2018-07-12,28 days ago,Real Estate,LIS (Lab Equipment) Technician,Boston, MA
123,CBRE Group,2018-07-20,20 days ago,Real Estate,EMS Coordinator,Columbus, OH
124,CBRE Group,2018-08-08,1 day ago,Real Estate,Project & Process Analyst,Phoenix, AZ
125,CBRE Group,2018-07-13,27 days ago,Real Estate,Metrology Technician - Pharmaceutical/Biotech,Boston, MA
126,CBRE Group,2018-07-31,9 days ago,Real Estate,Building Engineer (Close to LAX),Los Angeles, CA
127,CBRE Group,2018-07-10,30+ days ago,Real Estate,Property Marketing Coordinator,Seattle, WA
128,CBRE Group,2018-07-10,30+ days ago,Real Estate,Financial Consulting Group Financial Analyst,Atlanta, GA
129,CBRE Group,2018-07-10,30+ days ago,Real Estate,Financial Analyst (Financial Consulting Group),Philadelphia, PA
130,CBRE Group,2018-07-25,15 days ago,Real Estate,Building Engineer Boiler Operator - Foxboro MA,Foxborough, MA
131,CBRE Group,2018-07-19,21 days ago,Real Estate,Facilities Planning Coordinator/Maintenance Planner,San Jose, CA
132,CBRE Group,2018-07-18,22 days ago,Real Estate,Sr Facilities Manager - Pharmaceutical/Biotech,Research Triangle Park, NC
133,CBRE Group,2018-07-18,22 days ago,Real Estate,Senior Project Coordinator - Operations and Construction Administrative Support Opportunity,Foster City, CA
134,CBRE Group,2018-07-10,30+ days ago,Real Estate,Business Operations Analyst,Tysons, VA
135,CBRE Group,2018-07-18,22 days ago,Real Estate,Property Condition Assessment Manager,Los Angeles, CA
136,CBRE Group,2018-07-10,30+ days ago,Real Estate,Material Handling Maintenance Tech II,Macon, GA
137,CBRE Group,2018-07-10,30+ days ago,Real Estate,"Office Services Coordinator, Hospitality",Phoenix, AZ
138,CBRE Group,2018-07-10,30+ days ago,Real Estate,Union Building Electrican (Data Center),North Quincy, MA
139,CBRE Group,2018-07-10,30+ days ago,Real Estate,Mainteance Technician (Data Center),Columbus, OH
140,CBRE Group,2018-07-25,15 days ago,Real Estate,Technical Planner/Contract Suppo,Chandler, AZ
141,CBRE Group,2018-07-31,9 days ago,Real Estate,Building Engineer (Client-facing),Battle Creek, MI
142,CBRE Group,2018-07-10,30+ days ago,Real Estate,Building Stationary Engineer - Union,Santa Clara, CA
143,CBRE Group,2018-07-10,30+ days ago,Real Estate,"Project Coordinator, Network Operations",Sunnyvale, CA
144,CBRE Group,2018-07-10,30+ days ago,Real Estate,Lease Portfolio Administration Manager,San Francisco, CA
145,CBRE Group,2018-08-04,5 days ago,Real Estate,Human Resources Business Partner,Chicago, IL
146,CBRE Group,2018-08-07,2 days ago,Real Estate,Sr Financial Analyst,Dallas, TX
147,CBRE Group,2018-07-27,13 days ago,Real Estate,Sr. LIS Technician,Gaithersburg, MD
148,CBRE Group,2018-07-10,30+ days ago,Real Estate,Retail Sales Associate,Austin, TX
149,CBRE Group,2018-07-17,23 days ago,Real Estate,Financial Operations Manager,Chicago, IL
150,CBRE Group,2018-07-20,20 days ago,Real Estate,AutoCAD Designer,East Durham, NY
151,CBRE Group,2018-08-04,5 days ago,Real Estate,Bilingual Customer Service Representative,Phoenix, AZ
152,CBRE Group,2018-07-10,30+ days ago,Real Estate,Account Operations Director - Data Center,Denver, CO
153,CBRE Group,2018-08-04,5 days ago,Real Estate,Technical Planner/Contract Support,San Antonio, TX
154,CBRE Group,2018-07-10,30+ days ago,Real Estate,Forklift Mechanic,Saint Joseph, MO
155,CBRE Group,2018-07-26,14 days ago,Real Estate,Mobile Building Engineer,Fontana, CA
156,CBRE Group,2018-07-21,19 days ago,Real Estate,Client Services/Word Processing Coordinator,New York, NY
157,CBRE Group,2018-07-26,14 days ago,Real Estate,"Sales Associate, Office - Agency",Minneapolis, MN
158,CBRE Group,2018-08-08,1 day ago,Real Estate,Union Maintenance Technician,Denver, CO
159,CBRE Group,2018-08-04,5 days ago,Real Estate,Operations Manager,Houston, TX
160,CBRE Group,2018-07-14,26 days ago,Real Estate,Data Center Building Engineer,Los Angeles, CA
161,CBRE Group,2018-07-10,30+ days ago,Real Estate,Building Technician,Tucson, AZ
162,CBRE Group,2018-07-10,30+ days ago,Real Estate,Regional Compliance Officer â€“ Americas,Los Angeles, CA
163,CBRE Group,2018-07-26,14 days ago,Real Estate,Project Manager,Sunnyvale, CA
164,CBRE Group,2018-07-10,30+ days ago,Real Estate,VAS Vice President,San Francisco, CA
165,CBRE Group,2018-07-10,30+ days ago,Real Estate,Sales Associate - Affordable Housing,Seattle, WA
166,CBRE Group,2018-07-10,30+ days ago,Real Estate,Boiler Operator / Building Engineer - East Durham NY,East Durham, NY
167,CBRE Group,2018-07-10,30+ days ago,Real Estate,Project Coordinator - Commercial Construction,San Francisco, CA
168,CBRE Group,2018-07-10,30+ days ago,Real Estate,"Manager, Regional Facilities",Rosemead, CA
169,CBRE Group,2018-07-19,21 days ago,Real Estate,Data Analyst,Columbus, OH
170,CBRE Group,2018-08-02,7 days ago,Real Estate,Real Estate Services Coordinator - Temporary,Pittsburgh, PA
171,CBRE Group,2018-07-10,30+ days ago,Real Estate,"Commute, Transportation Services Coordinator",Renton, WA
172,CBRE Group,2018-07-10,30+ days ago,Real Estate,Regional Facilities Manager (Manufacturing),Park Ridge, NJ
173,CBRE Group,2018-08-02,7 days ago,Real Estate,Union Building Engineer - Somerset NJ,Somerset, NJ
174,CBRE Group,2018-07-10,30+ days ago,Real Estate,Assessment Coordinator,White Plains, NY
175,CBRE Group,2018-07-28,12 days ago,Real Estate,Project Management Director,Chicago, IL
176,CBRE Group,2018-07-26,14 days ago,Real Estate,Facility Operations Supervisor,,
177,CBRE Group,2018-08-08,1 day ago,Real Estate,Building Engineer ( Critical Facility ),Sterling, VA
178,CBRE Group,2018-07-26,14 days ago,Real Estate,LTS Technician (Working Lead),Boston, MA
179,CBRE Group,2018-08-07,2 days ago,Real Estate,Senior Learning & Development Specialist,Dallas, TX
180,CBRE Group,2018-07-14,26 days ago,Real Estate,Building Operating Engineer - Union,Bellevue, WA
181,CBRE Group,2018-07-10,30+ days ago,Real Estate,Fund Accountant,Bloomington, MN
182,CBRE Group,2018-07-31,9 days ago,Real Estate,Senior Business Analyst,Redmond, WA
183,CBRE Group,2018-07-10,30+ days ago,Real Estate,Building Engineer - Union,Lynnwood, WA
184,CBRE Group,2018-07-10,30+ days ago,Real Estate,Union Engineer - Temp,Saginaw, MI
185,CBRE Group,2018-07-26,14 days ago,Real Estate,LTS Technician Pharmaceutical/Biotech (Glass Washer - 2nd Shift),Boston, MA
186,CBRE Group,2018-07-10,30+ days ago,Real Estate,Payroll Director,Dallas, TX
187,CBRE Group,2018-07-29,11 hours ago,Real Estate,Building Engineer (HVAC),Lexington, KY
188,CBRE Group,2018-07-14,26 days ago,Real Estate,Quality & Compliance Speclst,King of Prussia, PA
189,CBRE Group,2018-07-10,30+ days ago,Real Estate,Senior Operations Analyst,Los Angeles, CA
190,CBRE Group,2018-07-25,15 days ago,Real Estate,LTS Technician (Glass Washer),Research Triangle Park, NC
191,CBRE Group,2018-07-10,30+ days ago,Real Estate,Instrumentation and Calibration Technician (LIS Specialist),Gaithersburg, MD
192,CBRE Group,2018-07-10,30+ days ago,Real Estate,Facilities Director,New York, NY
193,CBRE Group,2018-07-28,12 days ago,Real Estate,Building Engineer (Data Center) Wed-Sat,St. Louis, MO
194,CBRE Group,2018-07-10,30+ days ago,Real Estate,Roving Building Engineer,Portland, OR
195,CBRE Group,2018-07-20,20 days ago,Real Estate,"Client Services Coordinator, Administrative",Portland, OR
196,CBRE Group,2018-07-20,20 days ago,Real Estate,Lead Customer Service Rep,Columbus, OH
197,CBRE Group,2018-07-14,26 days ago,Real Estate,Transaction Management Analyst,Boston, MA
198,CBRE Group,2018-07-23,17 hours ago,Real Estate,Client Services Team Lead,Washington, DC
199,CBRE Group,2018-07-20,20 days ago,Real Estate,Cost Analyst,Phoenix, AZ
200,CBRE Group,2018-07-25,15 days ago,Real Estate,Assistant Controller,Dallas, TX
201,CBRE Group,2018-08-06,3 days ago,Real Estate,Business Integration Manager,Pittsburgh, PA
202,CBRE Group,2018-07-11,29 days ago,Real Estate,Service Delivery Coordinator,Columbus, OH
203,CBRE Group,2018-08-01,8 days ago,Real Estate,Building Engineer (Building Automations),Portland, OR
204,CBRE Group,2018-07-27,13 days ago,Real Estate,"Tulsa, First Class-Unlimited Stationary Engineer 1st Shift",Tulsa, OK
205,CBRE Group,2018-07-10,30+ days ago,Real Estate,Property Marketing Manager,Sacramento, CA
206,CBRE Group,2018-07-10,30+ days ago,Real Estate,Sales Professional - Associate - All US Locations,Dallas, TX
207,CBRE Group,2018-07-10,30+ days ago,Real Estate,Union Stationary Engineer Electrician,San Ramon, CA
208,CBRE Group,2018-08-04,5 days ago,Real Estate,"Payroll Supervisor - Position located in Dallas, TX",Dallas, TX
209,CBRE Group,2018-08-08,1 day ago,Real Estate,Regional Business Operations Manager,Redmond, WA
210,CBRE Group,2018-08-03,6 days ago,Real Estate,Maintenance Technician - Painter,Beaverton, OR
211,CBRE Group,2018-07-10,30+ days ago,Real Estate,Senior Sales Associate,Colorado Springs, CO
212,CBRE Group,2018-07-17,23 days ago,Real Estate,Finance Director,Chicago, IL
213,CBRE Group,2018-07-10,30+ days ago,Real Estate,PMO Director,Pittsburgh, PA
214,CBRE Group,2018-07-10,30+ days ago,Real Estate,Workplace Experience Director,Beaverton, OR
215,CBRE Group,2018-07-10,30+ days ago,Real Estate,Client Services Specialist,Jacksonville, FL
216,CBRE Group,2018-07-10,30+ days ago,Real Estate,Construction Support Lead - Senior Project Coordinator (North Bay Area),Santa Rosa, CA
217,CBRE Group,2018-07-10,30+ days ago,Real Estate,"Client Services Specialist, Real Estate License",Palo Alto, CA
218,CBRE Group,2018-08-08,1 day ago,Real Estate,Senior Financial Systems Analyst,El Segundo, CA
219,CBRE Group,2018-07-25,15 days ago,Real Estate,Design Project Lead,Atlanta, GA
220,CBRE Group,2018-07-10,30+ days ago,Real Estate,Human Resource Manager,Charlotte, NC
221,CBRE Group,2018-07-10,30+ days ago,Real Estate,Small Projects Lead,Sunnyvale, CA
222,CBRE Group,2018-07-10,30+ days ago,Real Estate,Senior Project Coordinator - Commercial Construction,San Francisco, CA
223,CBRE Group,2018-07-10,30+ days ago,Real Estate,"Mobile Engineer- Woodbury, NY",Woodbury, NY
224,CBRE Group,2018-08-07,2 days ago,Real Estate,"Client Services Team Lead, RE License",Oakland, CA
225,CBRE Group,2018-07-10,30+ days ago,Real Estate,Union Mobile Route Engineer,San Diego, CA
226,CBRE Group,2018-07-10,30+ days ago,Real Estate,VAS Director,Seattle, WA
227,CBRE Group,2018-07-10,30+ days ago,Real Estate,Facilities Planning Coordinator (MAC Coordinator),New York, NY
228,CBRE Group,2018-07-16,24 days ago,Real Estate,Senior Graphic Designer,Washington, DC
229,CBRE Group,2018-07-10,30+ days ago,Real Estate,Marketing Insights Analyst (Analytics),New York, NY
230,CBRE Group,2018-08-03,6 days ago,Real Estate,Senior Space Planner,New York, NY
231,CBRE Group,2018-07-10,30+ days ago,Real Estate,Building Engineer Mobile,San Jose, CA
232,CBRE Group,2018-08-03,6 days ago,Real Estate,(REMOTE/VIRTUAL WORK OPTION) Senior Construction Project & Program Manager - Must have Construction Background!,Aliso Viejo, CA
233,CBRE Group,2018-07-10,30+ days ago,Real Estate,Asset Services Director,Washington, DC
234,CBRE Group,2018-08-02,7 days ago,Real Estate,HVAC Engineer,Beaverton, OR
235,CBRE Group,2018-07-20,20 days ago,Real Estate,Senior Service Delivery Coordinator,Columbus, OH
236,CBRE Group,2018-07-10,30+ days ago,Real Estate,Client Strategy Consultant Analyst,New York, NY
237,CBRE Group,2018-07-26,14 days ago,Real Estate,Technical Supervisor - Pharmaceutical/Biotech,Boston, MA
238,CBRE Group,2018-07-10,30+ days ago,Real Estate,"Client Services Specialist, InDesign",New York, NY
239,CBRE Group,2018-07-10,30+ days ago,Real Estate,Building Engineer - Third shift,Fort Collins, CO
240,CBRE Group,2018-07-28,12 days ago,Real Estate,Procurement Director - Pharmaceutical/Biotech,Boston, MA
241,CBRE Group,2018-07-10,30+ days ago,Real Estate,Client Services Manager,San Francisco, CA
242,CBRE Group,2018-07-11,29 days ago,Real Estate,Manufacturing Maintenance Engineer (2nd or 3rd shift available),Norman, OK
243,CBRE Group,2018-07-11,29 days ago,Real Estate,Senior Facilities Manager,San Antonio, TX
244,CBRE Group,2018-08-08,1 day ago,Real Estate,Senior Capital Markets Ops Analyst,Charlotte, NC
245,CBRE Group,2018-07-10,30+ days ago,Real Estate,Sales Professional - Vice Chairman - All US Locations,Dallas, TX
246,CBRE Group,2018-07-26,14 days ago,Real Estate,Building Engineer (Building Management Systems),Indianapolis, IN
247,CBRE Group,2018-07-10,30+ days ago,Real Estate,Reliability Manager,Seattle, WA
248,CBRE Group,2018-07-19,21 days ago,Real Estate,Digital & Technology Manager,Sunnyvale, CA
249,CBRE Group,2018-07-10,30+ days ago,Real Estate,Sales Professional - Vice President - All US Locations,Dallas, TX
250,CBRE Group,2018-07-18,22 days ago,Real Estate,HSE Sr Manager,Midland, MI
251,CBRE Group,2018-07-10,30+ days ago,Real Estate,Financial Consulting Group Senior Financial Analyst,Washington, DC
252,CBRE Group,2018-07-19,21 days ago,Real Estate,Building Engineer (Rotating Shift) - Data Center,Norwich, CT
253,CBRE Group,2018-08-08,1 day ago,Real Estate,Building Engineer - HVAC Tech II,Redmond, WA
254,CBRE Group,2018-07-10,30+ days ago,Real Estate,"Sr. Regional Facilities Manager (Mt. Vernon, Indiana)",Mount Vernon, IN
255,CBRE Group,2018-07-10,30+ days ago,Real Estate,Building Engineer (Data Center) 3rd Shift,Birmingham, AL
256,CBRE Group,2018-07-23,17 hours ago,Real Estate,Sr Project Manager,Washington, DC
257,CBRE Group,2018-08-04,5 days ago,Real Estate,FM Engineering Ops Manager,Red Oak, IA
258,CBRE Group,2018-07-10,30+ days ago,Real Estate,Building Engineer - Overhead Door,Florence, SC
259,CBRE Group,2018-07-10,30+ days ago,Real Estate,Compensation Director,Dallas, TX
260,CBRE Group,2018-07-10,30+ days ago,Real Estate,"Ad Operations, Platform Logistics",New York, NY
261,CBRE Group,2018-07-14,26 days ago,Real Estate,Building Engineer - First Shift,Foster City, CA
262,CBRE Group,2018-07-28,12 days ago,Real Estate,Associate Project Manager (MEP Critical Systems),Jersey City, NJ
263,CBRE Group,2018-07-10,30+ days ago,Real Estate,Building Watch Engineer - 3rd Shift,Salt Lake City, UT
264,CBRE Group,2018-07-10,30+ days ago,Real Estate,Construction Project Management Director,Louisville, KY
265,CBRE Group,2018-07-28,12 days ago,Real Estate,Area Material Handling Maintenance Manager,Memphis, TN
266,CBRE Group,2018-07-25,15 days ago,Real Estate,Client Strategy & Consulting Director,Durham, NC
267,CBRE Group,2018-07-10,30+ days ago,Real Estate,Workplace Strategy Manager,Atlanta, GA
268,CBRE Group,2018-07-10,30+ days ago,Real Estate,Interior Designer I,Orlando, FL
269,CBRE Group,2018-07-10,30+ days ago,Real Estate,Facilities Program Analyst- Vendor Management,Plano, TX
270,CBRE Group,2018-07-14,26 days ago,Real Estate,Senior Cognos TM1 Application Developer,El Segundo, CA
271,CBRE Group,2018-07-10,30+ days ago,Real Estate,Building Engineer (Forklift Repair),Florence, SC
272,CBRE Group,2018-07-14,26 days ago,Real Estate,Client Services / Marketing Specialist,Detroit, MI
273,CBRE Group,2018-08-03,6 days ago,Real Estate,Senior Relocation Manager,Richardson, TX
274,CBRE Group,2018-07-10,30+ days ago,Real Estate,Business Systems Analyst,Dallas, TX
275,CBRE Group,2018-07-30,10 days ago,Real Estate,Material Handling Maintenance Manager,Cranbury, NJ
276,CBRE Group,2018-07-27,13 days ago,Real Estate,Building Engineer (HVAC/R),Boston, MA
277,CBRE Group,2018-07-10,30+ days ago,Real Estate,Environmental Site Assessment Director,Dallas, TX
278,CBRE Group,2018-07-12,28 days ago,Real Estate,"Client Services/Marketing Specialist, InDesign",New York, NY
279,CBRE Group,2018-07-10,30+ days ago,Real Estate,Building Maintenance Engineer - First Shift,Concord, CA
280,CBRE Group,2018-07-20,20 days ago,Real Estate,Client Services Coordinator / Graphic Design,Austin, TX
281,CBRE Group,2018-07-19,21 days ago,Real Estate,Environmental Site Assessment Manager,Los Angeles, CA
282,CBRE Group,2018-07-10,30+ days ago,Real Estate,Product Manager,Dallas, TX
283,CBRE Group,2018-07-10,30+ days ago,Real Estate,Sales Professional - Senior Associate - All US Locations,Dallas, TX
284,CBRE Group,2018-07-10,30+ days ago,Real Estate,Sr Critical Facilities Manager - Data Center,San Antonio, TX
285,CBRE Group,2018-07-10,30+ days ago,Real Estate,HVAC Building Engineer,Murfreesboro, TN
286,CBRE Group,2018-07-10,30 days ago,Real Estate,HVAC Building Engineer - Pharmaceutical/Biotech,Boston, MA
287,CBRE Group,2018-07-13,27 days ago,Real Estate,Real Estate Event Manager,New York, NY
288,CBRE Group,2018-07-26,14 days ago,Real Estate,Business Development Director,Phoenix, AZ
289,CBRE Group,2018-07-19,21 days ago,Real Estate,Marketing/Proposal Manager,Seattle, WA
290,CBRE Group,2018-07-10,30+ days ago,Real Estate,"Program Manager (Astoria, OR)",Portland, OR
291,CBRE Group,2018-07-10,30+ days ago,Real Estate,Supply Chain Analytics Consultant,Atlanta, GA
292,CBRE Group,2018-07-10,30+ days ago,Real Estate,Sales Professional - First Vice President - All US Locations,Dallas, TX
293,CBRE Group,2018-07-10,30+ days ago,Real Estate,Global Finance Director,Raleigh, NC
294,CBRE Group,2018-07-10,30+ days ago,Real Estate,"Tulsa, First Class-Unlimited Stationary Engineer, 3rd shift",Tulsa, OK
295,CBRE Group,2018-07-10,30+ days ago,Real Estate,U.S. Health & Welfare Benefits Manager,Dallas, TX
296,CBRE Group,2018-08-01,8 days ago,Real Estate,Senior Human Resource Manager,Seattle, WA
297,CBRE Group,2018-08-03,6 days ago,Real Estate,HVAC Trade Specialist,Columbus, OH
298,CBRE Group,2018-07-10,30+ days ago,Real Estate,Building Engineer - Digital Tech II,Redmond, WA
299,CBRE Group,2018-07-21,19 days ago,Real Estate,Building Engineer (Commercial Plumber),Blythewood, SC
300,CBRE Group,2018-08-07,2 days ago,Real Estate,Sr Transaction Manager,McLean, VA
301,CBRE Group,2018-08-07,2 days ago,Real Estate,Senior Client Strategy Consulting Manager,Dallas, TX
302,CBRE Group,2018-07-10,30+ days ago,Real Estate,Associate Director - Commercial Construction,New York, NY
303,CBRE Group,2018-07-10,30+ days ago,Real Estate,Sr Construction Coordinator,Fort Lauderdale, FL
304,CBRE Group,2018-07-14,26 days ago,Real Estate,Central Plant Building Engineer - night shift,Phoenix, AZ
305,CBRE Group,2018-08-02,7 days ago,Real Estate,Move Add Change Program Manager - Commerical Construction,Seattle, WA
306,CBRE Group,2018-07-10,30+ days ago,Real Estate,Director - Asset Management,Houston, TX
307,CBRE Group,2018-08-08,1 day ago,Real Estate,"Commercial Construction Carpenter - Part Time, as needed only",Rosedale, MD
308,CBRE Group,2018-07-10,30+ days ago,Real Estate,"Workplace Strategy, Senior Strategist",New York, NY
309,CBRE Group,2018-07-10,30+ days ago,Real Estate,"Assistant Facilities Manager (Mechanical, Electrical, Plumbing)",Battle Creek, MI
310,CBRE Group,2018-07-23,17 hours ago,Real Estate,"Mobile Building Engineer (HVAC) - Falmouth, MA",Monument Beach, MA
311,CBRE Group,2018-07-10,30+ days ago,Real Estate,Finance Manager,Seattle, WA
312,CBRE Group,2018-07-29,11 hours ago,Real Estate,Senior Service Delivery Manager,Columbus, OH
313,CBRE Group,2018-08-02,7 days ago,Real Estate,Sr Project Mgmt Director,New York, NY
314,CBRE Group,2018-07-10,30+ days ago,Real Estate,Financial Analyst Transaction Management,Boston, MA
315,CBRE Group,2018-07-10,30+ days ago,Real Estate,Global Facilities Director,Dallas, TX
316,CBRE Group,2018-07-10,30+ days ago,Real Estate,Capital Markets Operations Director,New York, NY
317,CBRE Group,2018-07-10,30+ days ago,Real Estate,Sr Building Engineer (Critical Facilities) - 1st Shift (Non Union),Pleasanton, CA
318,CBRE Group,2018-07-31,9 days ago,Real Estate,Sr Interior Designer,Atlanta, GA
319,CBRE Group,2018-07-10,30+ days ago,Real Estate,"Director of Marketing, Greater NYC",New York, NY
320,CBRE Group,2018-07-14,26 days ago,Real Estate,Project Management Trainer - Commercial Construction,Sunnyvale, CA
321,CBRE Group,2018-08-07,2 days ago,Real Estate,Software Engineering Manager,Dallas, TX
322,CBRE Group,2018-07-10,30+ days ago,Real Estate,Sr Project Mananger (Construction),New York, NY
323,CBRE Group,2018-07-10,30+ days ago,Real Estate,Building Engineer (Building Maintenance),Leawood, KS
324,CBRE Group,2018-07-25,15 days ago,Real Estate,Building Engineer HVAC 2nd Shift - Bloomfield CT,Bloomfield, CT
325,CBRE Group,2018-07-10,30+ days ago,Real Estate,Building Engineer / Critical Environment Technician (Multiple Shifts),San Antonio, TX
326,CBRE Group,2018-07-24,16 days ago,Real Estate,FM Engineering Operations Director,Seattle, WA
327,CBRE Group,2018-07-10,30+ days ago,Real Estate,Sales Professional - Senior Vice President - All US Locations,Dallas, TX
328,CBRE Group,2018-07-20,20 days ago,Real Estate,"Director, Service Delivery",Columbus, OH
329,CBRE Group,2018-08-03,6 days ago,Real Estate,Construction Program Manager / Transaction Management - Commercial Real Estate,San Francisco, CA
330,CBRE Group,2018-07-10,30+ days ago,Real Estate,Mobile HVAC Technician,Bakersfield, CA
331,CBRE Group,2018-07-20,20 days ago,Real Estate,Building Engineer - HVAC Maintenance,Collegeville, PA
332,CBRE Group,2018-07-10,30+ days ago,Real Estate,Transaction Management Director,Dallas, TX
333,CBRE Group,2018-07-27,13 days ago,Real Estate,Project Manager (Construction),Baltimore, MD
334,CBRE Group,2018-07-27,13 days ago,Real Estate,Technical Supervisor (Commercial Or Industrial),Clinton, IN
335,CBRE Group,2018-07-20,20 days ago,Real Estate,Mobile Building Engineer (HVAC),Evansville, IN
336,CBRE Group,2018-07-10,30+ days ago,Real Estate,Senior Property Condition Assessment Manager,Los Angeles, CA
337,CBRE Group,2018-07-10,30+ days ago,Real Estate,"Workplace Strategy, Senior Manager",Dallas, TX
338,CBRE Group,2018-07-17,23 days ago,Real Estate,Building Engineer (Plumber),Independence, OH
339,CBRE Group,2018-07-10,30+ days ago,Real Estate,Senior QA Engineer ( SDET ),Seattle, WA
340,CBRE Group,2018-07-10,30+ days ago,Real Estate,Launch Maintenance Manager,Romulus, MI
341,CBRE Group,2018-07-10,30+ days ago,Real Estate,Building Engineer - swing shift,Plano, TX
342,CBRE Group,2018-07-10,30+ days ago,Real Estate,Architectural Designer I,Atlanta, GA
343,CBRE Group,2018-07-26,14 days ago,Real Estate,Project Manager - Commercial Construction,Sunnyvale, CA
344,CBRE Group,2018-07-10,30+ days ago,Real Estate,Building Engineer - Plumbing Experience,Irving, TX
345,CBRE Group,2018-07-24,16 days ago,Real Estate,FM Engineering Ops Director,Santa Clara, CA
346,CBRE Group,2018-08-03,6 days ago,Real Estate,Engineering Operations Director,New York, NY
347,CBRE Group,2018-07-26,14 days ago,Real Estate,Mobile HVAC BuildingTechnician - Hartford CT,Hartford, CT
348,CBRE Group,2018-07-10,30+ days ago,Real Estate,Senior Operations Analyst Asset Services,Boston, MA
349,CBRE Group,2018-07-10,30+ days ago,Real Estate,Sales Professional - Executive Vice President - All US Locations,Dallas, TX
350,CBRE Group,2018-07-17,23 days ago,Real Estate,"Client Services, Marketing Specialist, Temporary",San Diego, CA
351,CBRE Group,2018-08-03,6 days ago,Real Estate,Sr Cost Manager,Charlotte, NC
352,CBRE Group,2018-07-10,30+ days ago,Real Estate,Quality & Compliance Manager,Boston, MA
353,CBRE Group,2018-07-28,12 days ago,Real Estate,HVAC Technician - Building Engineer,Sioux Falls, SD
354,CBRE Group,2018-07-10,30+ days ago,Real Estate,Senior Counsel - IP,Dallas, TX
355,CBRE Group,2018-07-10,30 days ago,Real Estate,Senior Salesforce Administrator,Richardson, TX
356,CBRE Group,2018-07-10,30+ days ago,Real Estate,"Engineer, Mechanical",Atlanta, GA
357,CBRE Group,2018-07-28,12 days ago,Real Estate,Project Manager (MEP Critical Systems),Jersey City, NJ
358,CBRE Group,2018-08-03,6 days ago,Real Estate,Sr Project Manager (Construction),Philadelphia, PA
359,CBRE Group,2018-08-02,7 days ago,Real Estate,Facility Management Solutions Director (Business Development),,
360,CBRE Group,2018-08-03,6 days ago,Real Estate,Sr Finance Manager,Research Triangle Park, NC
361,CBRE Group,2018-07-10,30+ days ago,Real Estate,Senior Tax Analyst,Dallas, TX
362,CBRE Group,2018-07-10,30+ days ago,Real Estate,Architectural Principal-In-Cha,Denver, CO
363,CBRE Group,2018-07-25,15 days ago,Real Estate,Sr Project Manager (Office Fit Out Exp needed),New York, NY
364,CBRE Group,2018-07-10,30+ days ago,Real Estate,Project Manager - Design & Construction,Boston, MA
365,CBRE Group,2018-07-26,14 days ago,Real Estate,"Journeyman Electrician, Building Engineer, 2nd shift",Phoenix, AZ
366,CBRE Group,2018-07-10,30+ days ago,Real Estate,MEP Infrastructure Design Project Coordination Manager,Mountain View, CA
367,CBRE Group,2018-07-10,30+ days ago,Real Estate,"Manager, Sr Project",Los Angeles, CA
368,CBRE Group,2018-07-10,30+ days ago,Real Estate,Building Engineer / HVAC Technician,Bloomington, MN
369,CBRE Group,2018-07-10,30+ days ago,Real Estate,Sr. Software Engineer,New York, NY
370,CBRE Group,2018-07-10,30+ days ago,Real Estate,HVAC and Refrigeration Technician,Plano, TX
371,CBRE Group,2018-07-10,30+ days ago,Real Estate,Refrigeration Technician (Building Engineer),Indianapolis, IN
372,CBRE Group,2018-07-10,30+ days ago,Real Estate,Senior Project Manager- Corporate Real Estate,Charleston, SC
373,CBRE Group,2018-07-10,30+ days ago,Real Estate,Sr Project Manager- Airport Construction,Lafayette, LA
374,CBRE Group,2018-07-10,30+ days ago,Real Estate,Mobile HVAC Building Engineer,Union City, GA
375,CBRE Group,2018-07-10,30+ days ago,Real Estate,Senior Project Manager (Construction/Owners Rep),Philadelphia, PA
376,CBRE Group,2018-07-10,30+ days ago,Real Estate,Principal Software Engineer,New York, NY
377,CBRE Group,2018-07-28,12 days ago,Real Estate,"Commercial Real Estate Project Manager - Columbus, OH",Columbus, OH
378,CBRE Group,2018-08-06,3 days ago,Real Estate,"Senior Project Manager, Master Planning",Los Angeles, CA
379,CBRE Group,2018-07-10,30+ days ago,Real Estate,Engineering Operations Manager,Baltimore, MD
380,CBRE Group,2018-07-10,30+ days ago,Real Estate,Building Engineer - Licensed Plumber,Boston, MA
381,CBRE Group,2018-08-02,7 days ago,Real Estate,Senior Project Manager (Healthcare Construction),San Antonio, TX
382,CBRE Group,2018-07-26,14 days ago,Real Estate,Senior Construction Project Manager,Kansas City, MO
383,CBRE Group,2018-07-10,30+ days ago,Real Estate,Client Strategy Consultant Director,New York, NY
384,CBRE Group,2018-07-25,15 days ago,Real Estate,(Construction) Senior Project Manager - Corporate Real Estate,Orlando, FL
385,CBRE Group,2018-07-10,30+ days ago,Real Estate,Data Center MEP Infrastructure Project Manager - Owners Rep.,Lenoir, NC
386,CBRE Group,2018-07-28,12 days ago,Real Estate,Senior GoLang Software Engineer,Dallas, TX
387,CBRE Group,2018-07-10,30+ days ago,Real Estate,Senior Commercial Real Estate Project Manager,Seattle, WA
388,CBRE Group,2018-07-18,22 days ago,Real Estate,Senior API Mgmt Digital & Technology Manager,Dallas, TX
389,CBRE Group,2018-07-11,29 days ago,Real Estate,Senior Solutions Architect,Dallas, TX
390,CBRE Group,2018-07-10,30+ days ago,Real Estate,FM Engineering Operations Manager,Creve Coeur, MO
391,CBRE Group,2018-07-19,21 days ago,Real Estate,"Sr Project Manager (Industrial Distribution Sites) - Atlanta, GA",Atlanta, GA
392,CBRE Group,2018-07-10,30+ days ago,Real Estate,Construction Project Manager - Business Transition & Move Management,San Jose, CA
393,CBRE Group,2018-07-10,30+ days ago,Real Estate,Sr. Principal Software Engineer,New York, NY
394,CBRE Group,2018-07-10,30+ days ago,Real Estate,Sr Project Manager-Large Scale Construction,Sunnyvale, CA
395,CBRE Group,2018-07-10,30+ days ago,Real Estate,Development Manager - MEP Infrastructure & Data Center Master Planning (We offer competitive salary and benefits package!),Sunnyvale, CA
396,CBRE Group,2018-07-20,20 days ago,Real Estate,Data Center Mechanical Engineer_Midlevel Design Professional,Mountain View, CA
397,CBRE Group,2018-07-10,30+ days ago,Real Estate,FM Engineering Ops Manager/BMS,New York, NY
398,CBRE Group,2018-07-10,30+ days ago,Real Estate,Healthcare Senior Project Manager (Construction),Washington, DC
399,CBRE Group,2018-07-20,20 days ago,Real Estate,"Sr Project Manager (Retail Construction) - Denver, CO",Denver, CO
400,CBRE Group,2018-07-24,16 days ago,Real Estate,Senior Project Manager - Commercial Construction,Austin, TX
401,CBRE Group,2018-07-10,30+ days ago,Real Estate,"Senior Director, Project Management - Real Estate",Detroit, MI
402,CBRE Group,2018-08-01,8 days ago,Real Estate,Senior Construction Manager - Retail Construction Experience Required,Seattle, WA
403,CBRE Group,2018-07-10,30+ days ago,Real Estate,"Division Accounting Manager, Controller",Dallas, TX
404,CBRE Group,2018-07-10,30+ days ago,Real Estate,Senior Product Manager,Seattle, WA
405,CBRE Group,2018-07-31,9 days ago,Real Estate,Sr. Android Mobile Software Engineer,Dallas, TX
406,CBRE Group,2018-08-04,5 days ago,Real Estate,FM Sr Engineering Ops Manager - Critical Environment,Levittown, PA
407,CBRE Group,2018-07-25,15 days ago,Real Estate,Electrical Engineering Project Manager - Data Center Electrical Infrastructure,Mountain View, CA
408,CBRE Group,2018-08-03,6 days ago,Real Estate,"Construction Quality & MEP Infrastructure Commissioning Asset Manager (""QCx Asset Manager"")",Mountain View, CA
409,CBRE Group,2018-07-10,30+ days ago,Real Estate,Senior FM Engineering Operations Manager (Data Center),New York, NY
410,CBRE Group,2018-07-31,9 days ago,Real Estate,Sr. iOS Mobile Software Engineer,Dallas, TX
411,CBRE Group,2018-07-10,30+ days ago,Real Estate,Healthcare Construction Sr Project Manager,New York, NY
412,CBRE Group,2018-08-07,2 days ago,Real Estate,Client Finance Manager/Sr. Client Finance Manager,San Jose, CA
413,CBRE Group,2018-07-19,21 days ago,Real Estate,"Engineering Designer, Electrical Engineer",Atlanta, GA
414,CBRE Group,2018-07-10,30+ days ago,Real Estate,Architectural & MEP Infrastructure Design Project Coordination Manager,New York, NY
415,CBRE Group,2018-08-03,6 days ago,Real Estate,"Loan Originator - Senior / Vice President , Small Balance Multifamily, FMAC",Raleigh, NC
416,CBRE Group,2018-07-28,12 days ago,Real Estate,Senior Enterprise Data Platform Technology Manager,Dallas, TX
417,CBRE Group,2018-07-10,30+ days ago,Real Estate,Senior Site Reliability Engineer - DevOps,Seattle, WA
418,CBRE Group,2018-07-10,30+ days ago,Real Estate,"Sr Construction Project Manager - MEP Infrastructure, Data Centers",Lenoir, NC
419,CBRE Group,2018-07-10,30+ days ago,Real Estate,Senior Project Manager Team Lead - Commercial Construction,Boston, MA
420,CBRE Group,2018-07-26,14 days ago,Real Estate,Data Center Mechanical Engineer - Design Professional (mid-level),New York, NY
421,CBRE Group,2018-07-10,30+ days ago,Real Estate,Senior Interior Designer/Space Manager (Workplace Strgy Mgr),New York, NY
422,CBRE Group,2018-08-07,2 days ago,Real Estate,Client Finance Manager/Sr. Client Finance Manager,San Jose, CA
423,CBRE Group,2018-07-19,21 days ago,Real Estate,"Engineering Designer, Electrical Engineer",Atlanta, GA
424,CBRE Group,2018-07-10,30+ days ago,Real Estate,Architectural & MEP Infrastructure Design Project Coordination Manager,New York, NY
425,CBRE Group,2018-08-03,6 days ago,Real Estate,"Loan Originator - Senior / Vice President , Small Balance Multifamily, FMAC",Raleigh, NC
426,CBRE Group,2018-07-28,12 days ago,Real Estate,Senior Enterprise Data Platform Technology Manager,Dallas, TX
427,CBRE Group,2018-07-10,30+ days ago,Real Estate,Senior Site Reliability Engineer - DevOps,Seattle, WA
428,CBRE Group,2018-07-10,30+ days ago,Real Estate,"Sr Construction Project Manager - MEP Infrastructure, Data Centers",Lenoir, NC
429,CBRE Group,2018-07-10,30+ days ago,Real Estate,Senior Project Manager Team Lead - Commercial Construction,Boston, MA
430,CBRE Group,2018-07-26,14 days ago,Real Estate,Data Center Mechanical Engineer - Design Professional (mid-level),New York, NY
431,CBRE Group,2018-07-10,30+ days ago,Real Estate,Senior Interior Designer/Space Manager (Workplace Strgy Mgr),New York, NY
